{
    "accuracy": 0.7796730632551528,
    "roc_auc": 0.7999259723250384,
    "confusion_matrix": [
        [
            937,
            96
        ],
        [
            214,
            160
        ]
    ]
}